ID_JORNADA;JORNADA;ID_TIME;TIME
1;Saber;37;DEVENGERS
1;Saber;38;JOKER!
1;Saber;40;TEAM TREGAMOS
2;Pós-graduação;15;FN
2;Pós-graduação;16;CMD
2;Pós-graduação;17;OPM EXTERNO
2;Pós-graduação;18;COGNA IA
2;Pós-graduação;19;ENTER
3;Jornada Ingresso;20;Customer Success
3;Jornada Ingresso;21;App Aedu
3;Jornada Ingresso;22;Área do Candidato
3;Jornada Ingresso;23;BACKOFFICE DE INGRESSO
3;Jornada Ingresso;24;CAPTAR
3;Jornada Ingresso;25;Captar Express
3;Jornada Ingresso;26;CHATBOT
3;Jornada Ingresso;27;CONSULTORIA EDUCAÇÃO
3;Jornada Ingresso;28;ECOMM
4;Jornada Acadêmica;29;Alexandria
4;Jornada Acadêmica;30;Colaborar
4;Jornada Acadêmica;31;Maia
4;Jornada Acadêmica;32;Moodle
5;Jornada Aprendizagem;7;Avaliação
5;Jornada Aprendizagem;8;Aprendizagem
5;Jornada Aprendizagem;9;Docência
5;Jornada Aprendizagem;10;Financeiro
5;Jornada Aprendizagem;11;Comunicação
5;Jornada Aprendizagem;12;Interação
5;Jornada Aprendizagem;13;Secretaria
5;Jornada Aprendizagem;14;Plataforma
6;Jornada Financeira;33;Eagles
6;Jornada Financeira;34;House of Money
6;Jornada Financeira;35;Sparta
6;Jornada Financeira;36;Triforce
7;Jornada Acadêmica;1;Papa-léguas
7;Jornada Acadêmica;2;Route66
7;Jornada Acadêmica;3;MecDelivery
7;Jornada Acadêmica;4;kBots
7;Jornada Acadêmica;5;Thanos
7;Jornada Acadêmica;6;ThreadPool
